{"cameraMode":{"drawMode":0,"name":"Shaded","section":"Shading Mode"},"sceneLighting":true,"audioPlay":false,"sceneViewState":{"showFog":true,"showMaterialUpdate":false,"showSkybox":true,"showFlares":true,"showImageEffects":true,"showParticleSystems":true},"in2DMode":false,"pivot":{"x":-2.758437156677246,"y":-0.3038139343261719,"z":4.402559280395508},"rotation":{"x":-0.1279638409614563,"y":0.8314484357833862,"z":-0.2143503576517105,"w":-0.4963614344596863},"size":10.080878257751465,"orthographic":false}